{"entities":{"pages":{"mhsctf":{"id":"mhsctf","title":"About mhsctf","url":"mhsctf.html","level":0,"tabIndex":0},"Print":{"id":"Print","title":"Print","url":"print.html","level":0,"tabIndex":1},"Reverse":{"id":"Reverse","title":"Reverse","url":"reverse.html","level":0,"tabIndex":2},"Highest-Number":{"id":"Highest-Number","title":"Highest Number","url":"highest-number.html","level":0,"tabIndex":3},"Calculator-in-Python":{"id":"Calculator-in-Python","title":"Calculator in Python","url":"calculator-in-python.html","level":0,"tabIndex":4},"Explain-this-to-me":{"id":"Explain-this-to-me","title":"Explain this to me","url":"explain-this-to-me.html","level":0,"tabIndex":5},"Malformed-Calculator":{"id":"Malformed-Calculator","title":"Malformed Calculator","url":"malformed-calculator.html","level":0,"tabIndex":6},"Ceasar-Salads":{"id":"Ceasar-Salads","title":"Ceasar Salads","url":"ceasar-salads.html","level":0,"tabIndex":7},"47-Salads":{"id":"47-Salads","title":"47 Salads","url":"47-salads.html","level":0,"tabIndex":8},"Dirty-Keyboard":{"id":"Dirty-Keyboard","title":"Dirty Keyboard","url":"dirty-keyboard.html","level":0,"tabIndex":9},"Ash-Key":{"id":"Ash-Key","title":"Ash Key","url":"ash-key.html","level":0,"tabIndex":10},"Base":{"id":"Base","title":"Base","url":"base.html","level":0,"tabIndex":11},"Double-85":{"id":"Double-85","title":"Double 85","url":"double-85.html","level":0,"tabIndex":12},"AlienLanguage":{"id":"AlienLanguage","title":"Alien Language","url":"alienlanguage.html","level":0,"tabIndex":13},"Triple-Threat":{"id":"Triple-Threat","title":"Triple Threat","url":"triple-threat.html","level":0,"tabIndex":14},"Endianness":{"id":"Endianness","title":"Endianness","url":"endianness.html","level":0,"tabIndex":15},"CyberPatriot-Window":{"id":"CyberPatriot-Window","title":"CyberPatriot - Window","url":"cyberpatriot-window.html","level":0,"tabIndex":16},"CyberPatriot-Linux":{"id":"CyberPatriot-Linux","title":"CyberPatriot - Linux","url":"cyberpatriot-linux.html","level":0,"tabIndex":17},"CyberPatriot-Router-Desc":{"id":"CyberPatriot-Router-Desc","title":"CyberPatriot - Router Desc","url":"cyberpatriot-router-desc.html","level":0,"tabIndex":18},"CyberPatriot-Linux-Account":{"id":"CyberPatriot-Linux-Account","title":"CyberPatriot Linux Account","url":"cyberpatriot-linux-account.html","level":0,"tabIndex":19},"Cyberpatriot-Duck":{"id":"Cyberpatriot-Duck","title":"Cyberpatriot - Duck","url":"cyberpatriot-duck.html","level":0,"tabIndex":20}}},"topLevelIds":["mhsctf","Print","Reverse","Highest-Number","Calculator-in-Python","Explain-this-to-me","Malformed-Calculator","Ceasar-Salads","47-Salads","Dirty-Keyboard","Ash-Key","Base","Double-85","AlienLanguage","Triple-Threat","Endianness","CyberPatriot-Window","CyberPatriot-Linux","CyberPatriot-Router-Desc","CyberPatriot-Linux-Account","Cyberpatriot-Duck"]}