{"entities":{"pages":{"mhsctf":{"id":"mhsctf","title":"About mhsctf","url":"mhsctf.html","level":0,"tabIndex":0},"Forensics":{"id":"Forensics","title":"Forensics","url":"forensics.html","level":0,"pages":["Big-Numbers","In-Plain-Sight","Find-the-secret-message","What-hidden-in-this-picture","Long-Road","A-secret-in-the-middle-school","Mean-Bakers","Mad-Scientist"],"tabIndex":1},"Big-Numbers":{"id":"Big-Numbers","title":"Big Numbers","url":"big-numbers.html","level":1,"parentId":"Forensics","tabIndex":0},"In-Plain-Sight":{"id":"In-Plain-Sight","title":"In Plain Sight","url":"in-plain-sight.html","level":1,"parentId":"Forensics","tabIndex":1},"Find-the-secret-message":{"id":"Find-the-secret-message","title":"Find the secret message","url":"find-the-secret-message.html","level":1,"parentId":"Forensics","tabIndex":2},"What-hidden-in-this-picture":{"id":"What-hidden-in-this-picture","title":"What hidden in this picture","url":"what-hidden-in-this-picture.html","level":1,"parentId":"Forensics","tabIndex":3},"Long-Road":{"id":"Long-Road","title":"Long Road","url":"long-road.html","level":1,"parentId":"Forensics","tabIndex":4},"A-secret-in-the-middle-school":{"id":"A-secret-in-the-middle-school","title":"A secret in the middle school","url":"a-secret-in-the-middle-school.html","level":1,"parentId":"Forensics","tabIndex":5},"Mean-Bakers":{"id":"Mean-Bakers","title":"Mean Bakers","url":"mean-bakers.html","level":1,"parentId":"Forensics","tabIndex":6},"Mad-Scientist":{"id":"Mad-Scientist","title":"Mad Scientist","url":"mad-scientist.html","level":1,"parentId":"Forensics","tabIndex":7},"CyberPatriot":{"id":"CyberPatriot","title":"CyberPatriot","url":"cyberpatriot.html","level":0,"pages":["CyberPatriot-Window","CyberPatriot-Linux","CyberPatriot-Router-Desc","CyberPatriot-Linux-Account","Cyberpatriot-Duck","Cisco-Commands"],"tabIndex":2},"CyberPatriot-Window":{"id":"CyberPatriot-Window","title":"CyberPatriot - Window","url":"cyberpatriot-window.html","level":1,"parentId":"CyberPatriot","tabIndex":0},"CyberPatriot-Linux":{"id":"CyberPatriot-Linux","title":"CyberPatriot - Linux","url":"cyberpatriot-linux.html","level":1,"parentId":"CyberPatriot","tabIndex":1},"CyberPatriot-Router-Desc":{"id":"CyberPatriot-Router-Desc","title":"CyberPatriot - Router Desc","url":"cyberpatriot-router-desc.html","level":1,"parentId":"CyberPatriot","tabIndex":2},"CyberPatriot-Linux-Account":{"id":"CyberPatriot-Linux-Account","title":"CyberPatriot Linux Account","url":"cyberpatriot-linux-account.html","level":1,"parentId":"CyberPatriot","tabIndex":3},"Cyberpatriot-Duck":{"id":"Cyberpatriot-Duck","title":"Cyberpatriot - Duck","url":"cyberpatriot-duck.html","level":1,"parentId":"CyberPatriot","tabIndex":4},"Cisco-Commands":{"id":"Cisco-Commands","title":"Cisco Commands","url":"cisco-commands.html","level":1,"parentId":"CyberPatriot","tabIndex":5},"Programing":{"id":"Programing","title":"Programing","url":"programing.html","level":0,"pages":["Print","Reverse","Highest-Number","Calculator-in-Python","Explain-this-to-me","Malformed-Calculator"],"tabIndex":3},"Print":{"id":"Print","title":"Print","url":"print.html","level":1,"parentId":"Programing","tabIndex":0},"Reverse":{"id":"Reverse","title":"Reverse","url":"reverse.html","level":1,"parentId":"Programing","tabIndex":1},"Highest-Number":{"id":"Highest-Number","title":"Highest Number","url":"highest-number.html","level":1,"parentId":"Programing","tabIndex":2},"Calculator-in-Python":{"id":"Calculator-in-Python","title":"Calculator in Python","url":"calculator-in-python.html","level":1,"parentId":"Programing","tabIndex":3},"Explain-this-to-me":{"id":"Explain-this-to-me","title":"Explain this to me","url":"explain-this-to-me.html","level":1,"parentId":"Programing","tabIndex":4},"Malformed-Calculator":{"id":"Malformed-Calculator","title":"Malformed Calculator","url":"malformed-calculator.html","level":1,"parentId":"Programing","tabIndex":5},"Cryptos":{"id":"Cryptos","title":"Cryptos","url":"cryptos.html","level":0,"pages":["Ceasar-Salads","47-Salads","Dirty-Keyboard","Ash-Key","Base","Double-85","AlienLanguage","Triple-Threat","Endianness"],"tabIndex":4},"Ceasar-Salads":{"id":"Ceasar-Salads","title":"Ceasar Salads","url":"ceasar-salads.html","level":1,"parentId":"Cryptos","tabIndex":0},"47-Salads":{"id":"47-Salads","title":"47 Salads","url":"47-salads.html","level":1,"parentId":"Cryptos","tabIndex":1},"Dirty-Keyboard":{"id":"Dirty-Keyboard","title":"Dirty Keyboard","url":"dirty-keyboard.html","level":1,"parentId":"Cryptos","tabIndex":2},"Ash-Key":{"id":"Ash-Key","title":"Ash Key","url":"ash-key.html","level":1,"parentId":"Cryptos","tabIndex":3},"Base":{"id":"Base","title":"Base","url":"base.html","level":1,"parentId":"Cryptos","tabIndex":4},"Double-85":{"id":"Double-85","title":"Double 85","url":"double-85.html","level":1,"parentId":"Cryptos","tabIndex":5},"AlienLanguage":{"id":"AlienLanguage","title":"Alien Language","url":"alienlanguage.html","level":1,"parentId":"Cryptos","tabIndex":6},"Triple-Threat":{"id":"Triple-Threat","title":"Triple Threat","url":"triple-threat.html","level":1,"parentId":"Cryptos","tabIndex":7},"Endianness":{"id":"Endianness","title":"Endianness","url":"endianness.html","level":1,"parentId":"Cryptos","tabIndex":8},"OSINT":{"id":"OSINT","title":"OSINT","url":"osint.html","level":0,"pages":["Welcome-to-OSINT","Who-created-linux","Put-X-in-the-Center-Square","Football-Frenzy","CVE-Numbers","Spa-Day-on-My-Remote-Island"],"tabIndex":5},"Welcome-to-OSINT":{"id":"Welcome-to-OSINT","title":"Welcome to OSINT","url":"welcome-to-osint.html","level":1,"parentId":"OSINT","tabIndex":0},"Who-created-linux":{"id":"Who-created-linux","title":"Who created linux?","url":"who-created-linux.html","level":1,"parentId":"OSINT","tabIndex":1},"Put-X-in-the-Center-Square":{"id":"Put-X-in-the-Center-Square","title":"Put X in the Center Square","url":"put-x-in-the-center-square.html","level":1,"parentId":"OSINT","tabIndex":2},"Football-Frenzy":{"id":"Football-Frenzy","title":"Football Frenzy","url":"football-frenzy.html","level":1,"parentId":"OSINT","tabIndex":3},"CVE-Numbers":{"id":"CVE-Numbers","title":"CVE Numbers?","url":"cve-numbers.html","level":1,"parentId":"OSINT","tabIndex":4},"Spa-Day-on-My-Remote-Island":{"id":"Spa-Day-on-My-Remote-Island","title":"Spa Day on My Remote Island","url":"spa-day-on-my-remote-island.html","level":1,"parentId":"OSINT","tabIndex":5}}},"topLevelIds":["mhsctf","Forensics","CyberPatriot","Programing","Cryptos","OSINT"]}